{
    "1342464202119450704": {
        "guildId": "1342464202119450704",
        "channelId": "1453744484444799061",
        "logChannelId": "1453744536164634778",
        "embed": {
            "title": "We're thrilled to have you join our awesome community!",
            "description": "⭕ Read Server Rules At :📕⁠ ⁠📘⧽⋉✧ʀᴜʟᴇꜱ✧⋊\n\n⭕ Pickup Your Roles From 🕸️⁠⁠⁠⚡⧽⋉✧ꜱᴇʟꜰʀᴏʟᴇ✧⋊\n\n⭕ Send Messages 💭 ⁠⁠⁠☢️⧽⋉✧ᴘᴜʙʟɪᴄ-ᴄʜᴀᴛ✧⋊\n\n⭕ To Speak 🔊⁠⁠⁠☢️⧽⋉✧ɢᴇɴᴇʀᴀʟ-ʟᴏʙʙʏ✧⋊",
            "image": "https://cdn.discordapp.com/attachments/1432668940445679647/1457237565869527157/350kb.gif?ex=695b45bd&is=6959f43d&hm=7de4648a5dc121a974b0fd91eb3f4f02b926370eed3efec8f605c397e60aae13&",
            "thumbnail": "",
            "footerText": "Powered By N4 ⚡",
            "footerImage": "https://cdn.discordapp.com/attachments/1428708784259203114/1430897747204116530/logo.png?ex=6904049f&is=6902b31f&hm=5e50791a6d13ae9a57bdfc623db6f14ab5274d8f4000528bc1a247f670e7184a&",
            "color": "#0084ff",
            "timestamp": true
        },
        "options": {
            "mentionUser": true,
            "useUserAvatarInThumbnail": true
        }
    }
}